{
  "project_info": {
    "project_number": "1028829436310",
    "firebase_url": "https://recipeze-cae27.firebaseio.com",
    "project_id": "recipeze-cae27",
    "storage_bucket": "recipeze-cae27.appspot.com"
  },
  "client": [
    {
      "client_info": {
        "mobilesdk_app_id": "1:1028829436310:android:ce5a85b29d5eccff",
        "android_client_info": {
          "package_name": "com.example.x16512066.recipeeze"
        }
      },
      "oauth_client": [
        {
          "client_id": "1028829436310-k5du9hgt9og0bqa6d1e9s1l5sl4vvqpq.apps.googleusercontent.com",
          "client_type": 1,
          "android_info": {
            "package_name": "com.example.x16512066.recipeeze",
            "certificate_hash": "887affbe262c340fa62813ec855b36a7c8e12bc9"
          }
        },
        {
          "client_id": "1028829436310-1bv7r3d30htvtgkjic5gtedije9oi1t1.apps.googleusercontent.com",
          "client_type": 3
        }
      ],
      "api_key": [
        {
          "current_key": "AIzaSyA-HZgM__Gs-TINfcTwSlsKi8srQc6UX64"
        }
      ],
      "services": {
        "analytics_service": {
          "status": 1
        },
        "appinvite_service": {
          "status": 2,
          "other_platform_oauth_client": [
            {
              "client_id": "1028829436310-1bv7r3d30htvtgkjic5gtedije9oi1t1.apps.googleusercontent.com",
              "client_type": 3
            }
          ]
        },
        "ads_service": {
          "status": 2
        }
      }
    }
  ],
  "configuration_version": "1"
}